Baseline Score,Baseline Test,Converted to TIMSS/PIRLS Scale,Converted to LLECE Scale,Converted to PASEC Scale
260,TIMSS,,511,285
261,TIMSS,,513,288
262,TIMSS,,514,291
263,TIMSS,,515,294
264,TIMSS,,517,297
265,TIMSS,,518,299
266,TIMSS,,520,302
267,TIMSS,,521,304
268,TIMSS,,524,307
269,TIMSS,,526,309
270,TIMSS,,528,312
271,TIMSS,,529,314
272,TIMSS,,531,316
273,TIMSS,,533,318
274,TIMSS,,534,319
275,TIMSS,,536,321
276,TIMSS,,538,322
277,TIMSS,,539,324
278,TIMSS,,540,325
279,TIMSS,,541,326
280,TIMSS,,543,327
281,TIMSS,,544,329
282,TIMSS,,545,330
283,TIMSS,,547,331
284,TIMSS,,548,333
285,TIMSS,,549,334
286,TIMSS,,551,335
287,TIMSS,,552,337
288,TIMSS,,554,339
289,TIMSS,,555,340
290,TIMSS,,557,342
291,TIMSS,,559,343
292,TIMSS,,560,344
293,TIMSS,,562,346
294,TIMSS,,563,347
295,TIMSS,,565,349
296,TIMSS,,566,350
297,TIMSS,,568,351
298,TIMSS,,569,353
299,TIMSS,,570,354
300,TIMSS,,572,356
301,TIMSS,,573,357
302,TIMSS,,575,359
303,TIMSS,,576,360
304,TIMSS,,577,362
305,TIMSS,,579,363
306,TIMSS,,580,365
307,TIMSS,,582,366
308,TIMSS,,583,367
309,TIMSS,,584,369
310,TIMSS,,586,370
311,TIMSS,,587,372
312,TIMSS,,589,373
313,TIMSS,,590,375
314,TIMSS,,591,376
315,TIMSS,,593,378
316,TIMSS,,594,379
317,TIMSS,,596,381
318,TIMSS,,597,382
319,TIMSS,,599,383
320,TIMSS,,600,385
321,TIMSS,,601,386
322,TIMSS,,603,388
323,TIMSS,,604,389
324,TIMSS,,606,390
325,TIMSS,,607,391
326,TIMSS,,608,392
327,TIMSS,,609,393
328,TIMSS,,610,394
329,TIMSS,,611,395
330,TIMSS,,613,396
331,TIMSS,,614,397
332,TIMSS,,615,398
333,TIMSS,,617,399
334,TIMSS,,618,401
335,TIMSS,,619,402
336,TIMSS,,621,403
337,TIMSS,,622,405
338,TIMSS,,624,406
339,TIMSS,,625,408
340,TIMSS,,627,409
341,TIMSS,,628,411
342,TIMSS,,630,412
343,TIMSS,,631,413
344,TIMSS,,633,415
345,TIMSS,,634,416
346,TIMSS,,635,417
347,TIMSS,,637,418
348,TIMSS,,638,419
349,TIMSS,,639,420
350,TIMSS,,641,422
351,TIMSS,,642,423
352,TIMSS,,643,424
353,TIMSS,,645,425
354,TIMSS,,646,427
355,TIMSS,,647,428
356,TIMSS,,649,429
357,TIMSS,,650,430
358,TIMSS,,651,431
359,TIMSS,,652,432
360,TIMSS,,654,433
361,TIMSS,,655,434
362,TIMSS,,656,436
363,TIMSS,,657,437
364,TIMSS,,658,438
365,TIMSS,,660,439
366,TIMSS,,661,440
367,TIMSS,,662,441
368,TIMSS,,663,442
369,TIMSS,,664,443
370,TIMSS,,665,444
371,TIMSS,,666,445
372,TIMSS,,667,447
373,TIMSS,,669,448
374,TIMSS,,670,449
375,TIMSS,,671,450
376,TIMSS,,672,451
377,TIMSS,,673,452
378,TIMSS,,675,453
379,TIMSS,,676,455
380,TIMSS,,677,456
381,TIMSS,,678,457
382,TIMSS,,680,459
383,TIMSS,,681,460
384,TIMSS,,682,461
385,TIMSS,,684,463
386,TIMSS,,685,464
387,TIMSS,,687,465
388,TIMSS,,688,467
389,TIMSS,,689,468
390,TIMSS,,691,469
391,TIMSS,,692,471
392,TIMSS,,694,472
393,TIMSS,,695,474
394,TIMSS,,697,475
395,TIMSS,,698,477
396,TIMSS,,700,478
397,TIMSS,,701,479
398,TIMSS,,702,481
399,TIMSS,,704,482
400,TIMSS,,705,483
401,TIMSS,,707,485
402,TIMSS,,708,486
403,TIMSS,,709,487
404,TIMSS,,711,489
405,TIMSS,,712,490
406,TIMSS,,714,492
407,TIMSS,,715,493
408,TIMSS,,716,494
409,TIMSS,,718,496
410,TIMSS,,719,497
411,TIMSS,,720,498
412,TIMSS,,722,500
413,TIMSS,,723,501
414,TIMSS,,724,502
415,TIMSS,,726,503
416,TIMSS,,727,505
417,TIMSS,,728,506
418,TIMSS,,729,507
419,TIMSS,,731,508
420,TIMSS,,732,510
421,TIMSS,,733,511
422,TIMSS,,734,512
423,TIMSS,,736,513
424,TIMSS,,737,514
425,TIMSS,,738,516
426,TIMSS,,740,517
427,TIMSS,,741,518
428,TIMSS,,742,519
429,TIMSS,,743,521
430,TIMSS,,745,522
431,TIMSS,,746,523
432,TIMSS,,747,524
433,TIMSS,,749,526
434,TIMSS,,750,527
435,TIMSS,,751,528
436,TIMSS,,753,530
437,TIMSS,,754,531
438,TIMSS,,755,532
439,TIMSS,,757,534
440,TIMSS,,758,535
441,TIMSS,,759,536
442,TIMSS,,761,538
443,TIMSS,,762,539
444,TIMSS,,764,540
445,TIMSS,,765,542
446,TIMSS,,766,543
447,TIMSS,,768,544
448,TIMSS,,769,546
449,TIMSS,,770,547
450,TIMSS,,771,548
451,TIMSS,,773,550
452,TIMSS,,774,551
453,TIMSS,,775,552
454,TIMSS,,776,553
455,TIMSS,,778,555
456,TIMSS,,779,556
457,TIMSS,,780,557
458,TIMSS,,781,558
459,TIMSS,,783,560
460,TIMSS,,784,561
461,TIMSS,,785,562
462,TIMSS,,786,563
463,TIMSS,,788,565
464,TIMSS,,789,566
465,TIMSS,,790,567
466,TIMSS,,791,568
467,TIMSS,,792,569
468,TIMSS,,793,570
469,TIMSS,,794,571
470,TIMSS,,796,572
471,TIMSS,,797,574
472,TIMSS,,798,575
473,TIMSS,,799,576
474,TIMSS,,800,577
475,TIMSS,,801,578
476,TIMSS,,802,579
477,TIMSS,,803,580
478,TIMSS,,804,581
479,TIMSS,,805,582
480,TIMSS,,807,583
481,TIMSS,,808,584
482,TIMSS,,809,585
483,TIMSS,,810,586
484,TIMSS,,811,587
485,TIMSS,,812,588
486,TIMSS,,813,589
487,TIMSS,,814,590
488,TIMSS,,816,591
489,TIMSS,,817,593
490,TIMSS,,818,594
491,TIMSS,,819,595
492,TIMSS,,820,596
493,TIMSS,,821,597
494,TIMSS,,823,598
495,TIMSS,,824,599
496,TIMSS,,825,600
497,TIMSS,,826,601
498,TIMSS,,827,602
499,TIMSS,,828,603
500,TIMSS,,830,604
501,TIMSS,,831,606
502,TIMSS,,832,607
503,TIMSS,,833,608
504,TIMSS,,834,609
505,TIMSS,,835,610
506,TIMSS,,836,611
507,TIMSS,,837,612
508,TIMSS,,839,613
509,TIMSS,,840,614
510,TIMSS,,841,615
511,TIMSS,,842,616
512,TIMSS,,843,617
513,TIMSS,,844,618
514,TIMSS,,845,619
515,TIMSS,,846,620
516,TIMSS,,847,621
517,TIMSS,,848,622
518,TIMSS,,850,623
519,TIMSS,,851,624
520,TIMSS,,852,625
521,TIMSS,,853,626
522,TIMSS,,854,627
523,TIMSS,,855,628
524,TIMSS,,856,629
525,TIMSS,,857,630
526,TIMSS,,858,631
527,TIMSS,,859,632
528,TIMSS,,860,633
529,TIMSS,,861,635
530,TIMSS,,862,636
531,TIMSS,,863,637
532,TIMSS,,865,638
533,TIMSS,,866,639
534,TIMSS,,867,640
535,TIMSS,,868,641
536,TIMSS,,869,643
537,TIMSS,,870,644
538,TIMSS,,872,645
539,TIMSS,,873,646
540,TIMSS,,874,648
541,TIMSS,,875,649
542,TIMSS,,877,650
543,TIMSS,,878,652
544,TIMSS,,879,653
545,TIMSS,,880,654
546,TIMSS,,881,655
547,TIMSS,,882,656
548,TIMSS,,883,657
549,TIMSS,,884,658
550,TIMSS,,885,659
551,TIMSS,,885,660
552,TIMSS,,886,661
553,TIMSS,,887,662
554,TIMSS,,888,662
555,TIMSS,,889,663
556,TIMSS,,890,664
557,TIMSS,,891,665
558,TIMSS,,892,666
559,TIMSS,,893,667
560,TIMSS,,894,668
561,TIMSS,,894,669
562,TIMSS,,895,670
563,TIMSS,,896,671
564,TIMSS,,897,672
565,TIMSS,,897,673
566,TIMSS,,898,673
567,TIMSS,,899,674
568,TIMSS,,900,675
569,TIMSS,,900,675
570,TIMSS,,901,676
571,TIMSS,,901,677
572,TIMSS,,902,677
573,TIMSS,,902,678
574,TIMSS,,903,679
575,TIMSS,,904,680
576,TIMSS,,905,680
577,TIMSS,,906,682
578,TIMSS,,906,683
579,TIMSS,,907,684
580,TIMSS,,909,685
581,TIMSS,,909,686
582,TIMSS,,910,687
583,TIMSS,,911,688
584,TIMSS,,912,689
585,TIMSS,,913,690
586,TIMSS,,914,692
587,TIMSS,,915,693
588,TIMSS,,916,694
589,TIMSS,,916,695
590,TIMSS,,917,696
591,TIMSS,,918,697
592,TIMSS,,919,698
593,TIMSS,,920,699
594,TIMSS,,921,701
595,TIMSS,,922,702
596,TIMSS,,923,703
597,TIMSS,,924,704
598,TIMSS,,925,705
599,TIMSS,,925,707
600,TIMSS,,926,708
601,TIMSS,,927,708
602,TIMSS,,927,709
603,TIMSS,,928,710
604,TIMSS,,929,710
605,TIMSS,,929,711
606,TIMSS,,930,712
607,TIMSS,,931,713
608,TIMSS,,931,713
609,TIMSS,,932,714
610,TIMSS,,932,714
611,TIMSS,,932,715
612,TIMSS,,933,715
613,TIMSS,,933,716
614,TIMSS,,934,717
615,TIMSS,,934,717
616,TIMSS,,935,717
617,TIMSS,,935,718
618,TIMSS,,935,718
619,TIMSS,,936,718
620,TIMSS,,936,718
621,TIMSS,,937,719
622,TIMSS,,939,719
623,TIMSS,,941,718
624,TIMSS,,941,718
625,TIMSS,,942,716
626,TIMSS,,942,714
627,TIMSS,,941,708
628,TIMSS,,938,707
629,TIMSS,,935,705
630,TIMSS,,935,704
631,TIMSS,,935,703
632,TIMSS,,935,701
633,TIMSS,,935,700
634,TIMSS,,934,699
290,PASEC Math,262,511,
291,PASEC Math,263,512,
292,PASEC Math,264,512,
293,PASEC Math,265,513,
294,PASEC Math,266,514,
295,PASEC Math,267,515,
296,PASEC Math,267,516,
297,PASEC Math,268,517,
298,PASEC Math,268,518,
299,PASEC Math,269,518,
300,PASEC Math,270,519,
301,PASEC Math,271,520,
302,PASEC Math,271,521,
303,PASEC Math,272,522,
304,PASEC Math,273,523,
305,PASEC Math,273,524,
306,PASEC Math,274,525,
307,PASEC Math,275,526,
308,PASEC Math,276,527,
309,PASEC Math,276,528,
310,PASEC Math,277,529,
311,PASEC Math,278,530,
312,PASEC Math,279,531,
313,PASEC Math,280,532,
314,PASEC Math,280,533,
315,PASEC Math,281,534,
316,PASEC Math,282,535,
317,PASEC Math,283,536,
318,PASEC Math,284,537,
319,PASEC Math,285,538,
320,PASEC Math,285,539,
321,PASEC Math,286,540,
322,PASEC Math,287,541,
323,PASEC Math,288,542,
324,PASEC Math,288,543,
325,PASEC Math,289,544,
326,PASEC Math,290,545,
327,PASEC Math,291,546,
328,PASEC Math,291,547,
329,PASEC Math,292,548,
330,PASEC Math,293,549,
331,PASEC Math,294,549,
332,PASEC Math,294,550,
333,PASEC Math,295,551,
334,PASEC Math,295,552,
335,PASEC Math,296,553,
336,PASEC Math,297,554,
337,PASEC Math,297,555,
338,PASEC Math,298,556,
339,PASEC Math,298,557,
340,PASEC Math,299,558,
341,PASEC Math,300,559,
342,PASEC Math,300,560,
343,PASEC Math,301,561,
344,PASEC Math,302,562,
345,PASEC Math,302,563,
346,PASEC Math,303,564,
347,PASEC Math,304,565,
348,PASEC Math,304,566,
349,PASEC Math,305,567,
350,PASEC Math,306,568,
351,PASEC Math,306,569,
352,PASEC Math,307,570,
353,PASEC Math,307,571,
354,PASEC Math,308,572,
355,PASEC Math,309,573,
356,PASEC Math,309,574,
357,PASEC Math,310,575,
358,PASEC Math,311,576,
359,PASEC Math,311,577,
360,PASEC Math,312,578,
361,PASEC Math,312,579,
362,PASEC Math,313,580,
363,PASEC Math,313,581,
364,PASEC Math,314,582,
365,PASEC Math,315,583,
366,PASEC Math,315,584,
367,PASEC Math,316,585,
368,PASEC Math,316,586,
369,PASEC Math,317,587,
370,PASEC Math,318,588,
371,PASEC Math,318,589,
372,PASEC Math,319,590,
373,PASEC Math,320,591,
374,PASEC Math,320,592,
375,PASEC Math,321,593,
376,PASEC Math,322,594,
377,PASEC Math,323,595,
378,PASEC Math,324,596,
379,PASEC Math,324,597,
380,PASEC Math,325,598,
381,PASEC Math,326,599,
382,PASEC Math,327,600,
383,PASEC Math,327,602,
384,PASEC Math,328,603,
385,PASEC Math,329,604,
386,PASEC Math,329,605,
387,PASEC Math,330,606,
388,PASEC Math,331,607,
389,PASEC Math,331,608,
390,PASEC Math,332,609,
391,PASEC Math,333,610,
392,PASEC Math,333,611,
393,PASEC Math,334,612,
394,PASEC Math,335,613,
395,PASEC Math,335,614,
396,PASEC Math,336,615,
397,PASEC Math,337,616,
398,PASEC Math,337,617,
399,PASEC Math,338,618,
400,PASEC Math,339,619,
401,PASEC Math,340,620,
402,PASEC Math,340,621,
403,PASEC Math,341,622,
404,PASEC Math,342,623,
405,PASEC Math,342,624,
406,PASEC Math,343,625,
407,PASEC Math,344,626,
408,PASEC Math,344,627,
409,PASEC Math,345,628,
410,PASEC Math,346,629,
411,PASEC Math,346,630,
412,PASEC Math,347,631,
413,PASEC Math,348,632,
414,PASEC Math,348,633,
415,PASEC Math,349,634,
416,PASEC Math,350,636,
417,PASEC Math,351,637,
418,PASEC Math,351,638,
419,PASEC Math,352,639,
420,PASEC Math,353,640,
421,PASEC Math,353,641,
422,PASEC Math,354,642,
423,PASEC Math,355,643,
424,PASEC Math,355,644,
425,PASEC Math,356,645,
426,PASEC Math,356,646,
427,PASEC Math,357,647,
428,PASEC Math,358,648,
429,PASEC Math,358,649,
430,PASEC Math,359,650,
431,PASEC Math,359,651,
432,PASEC Math,360,652,
433,PASEC Math,361,653,
434,PASEC Math,361,654,
435,PASEC Math,362,655,
436,PASEC Math,363,656,
437,PASEC Math,363,657,
438,PASEC Math,364,658,
439,PASEC Math,365,659,
440,PASEC Math,365,660,
441,PASEC Math,366,661,
442,PASEC Math,366,662,
443,PASEC Math,367,663,
444,PASEC Math,367,664,
445,PASEC Math,368,665,
446,PASEC Math,369,666,
447,PASEC Math,369,667,
448,PASEC Math,370,668,
449,PASEC Math,370,669,
450,PASEC Math,371,670,
451,PASEC Math,372,671,
452,PASEC Math,372,672,
453,PASEC Math,373,673,
454,PASEC Math,374,674,
455,PASEC Math,374,675,
456,PASEC Math,375,676,
457,PASEC Math,376,677,
458,PASEC Math,376,678,
459,PASEC Math,377,679,
460,PASEC Math,378,680,
461,PASEC Math,378,681,
462,PASEC Math,379,682,
463,PASEC Math,380,683,
464,PASEC Math,380,684,
465,PASEC Math,381,685,
466,PASEC Math,382,686,
467,PASEC Math,383,687,
468,PASEC Math,383,688,
469,PASEC Math,384,689,
470,PASEC Math,385,690,
471,PASEC Math,385,691,
472,PASEC Math,386,692,
473,PASEC Math,387,693,
474,PASEC Math,387,694,
475,PASEC Math,388,695,
476,PASEC Math,389,696,
477,PASEC Math,390,697,
478,PASEC Math,391,698,
479,PASEC Math,391,699,
480,PASEC Math,392,700,
481,PASEC Math,393,701,
482,PASEC Math,394,702,
483,PASEC Math,395,703,
484,PASEC Math,395,704,
485,PASEC Math,396,705,
486,PASEC Math,397,706,
487,PASEC Math,398,707,
488,PASEC Math,398,708,
489,PASEC Math,399,709,
490,PASEC Math,400,710,
491,PASEC Math,401,711,
492,PASEC Math,402,712,
493,PASEC Math,402,713,
494,PASEC Math,403,714,
495,PASEC Math,404,715,
496,PASEC Math,405,716,
497,PASEC Math,406,717,
498,PASEC Math,406,718,
499,PASEC Math,407,719,
500,PASEC Math,408,720,
501,PASEC Math,409,721,
502,PASEC Math,410,722,
503,PASEC Math,411,723,
504,PASEC Math,411,724,
505,PASEC Math,412,725,
506,PASEC Math,413,726,
507,PASEC Math,414,727,
508,PASEC Math,415,728,
509,PASEC Math,415,729,
510,PASEC Math,416,730,
511,PASEC Math,417,731,
512,PASEC Math,418,732,
513,PASEC Math,419,734,
514,PASEC Math,420,735,
515,PASEC Math,420,736,
516,PASEC Math,421,737,
517,PASEC Math,422,738,
518,PASEC Math,423,739,
519,PASEC Math,424,740,
520,PASEC Math,424,741,
521,PASEC Math,425,742,
522,PASEC Math,426,743,
523,PASEC Math,427,744,
524,PASEC Math,428,745,
525,PASEC Math,428,746,
526,PASEC Math,429,747,
527,PASEC Math,430,748,
528,PASEC Math,431,749,
529,PASEC Math,431,750,
530,PASEC Math,432,751,
531,PASEC Math,433,752,
532,PASEC Math,434,753,
533,PASEC Math,434,754,
534,PASEC Math,435,755,
535,PASEC Math,436,756,
536,PASEC Math,437,757,
537,PASEC Math,438,758,
538,PASEC Math,438,759,
539,PASEC Math,439,761,
540,PASEC Math,440,762,
541,PASEC Math,441,763,
542,PASEC Math,441,764,
543,PASEC Math,442,765,
544,PASEC Math,443,766,
545,PASEC Math,444,767,
546,PASEC Math,444,768,
547,PASEC Math,445,769,
548,PASEC Math,446,770,
549,PASEC Math,446,771,
550,PASEC Math,447,772,
551,PASEC Math,448,773,
552,PASEC Math,448,774,
553,PASEC Math,449,775,
554,PASEC Math,450,776,
555,PASEC Math,450,777,
556,PASEC Math,451,778,
557,PASEC Math,452,779,
558,PASEC Math,453,780,
559,PASEC Math,454,781,
560,PASEC Math,454,782,
561,PASEC Math,455,783,
562,PASEC Math,456,784,
563,PASEC Math,457,785,
564,PASEC Math,457,786,
565,PASEC Math,458,787,
566,PASEC Math,459,788,
567,PASEC Math,460,789,
568,PASEC Math,461,790,
569,PASEC Math,462,791,
570,PASEC Math,462,792,
571,PASEC Math,463,793,
572,PASEC Math,464,794,
573,PASEC Math,465,795,
574,PASEC Math,466,797,
575,PASEC Math,467,798,
576,PASEC Math,468,799,
577,PASEC Math,468,800,
578,PASEC Math,469,801,
579,PASEC Math,470,802,
580,PASEC Math,471,803,
581,PASEC Math,472,804,
582,PASEC Math,473,805,
583,PASEC Math,473,806,
584,PASEC Math,474,807,
585,PASEC Math,475,808,
586,PASEC Math,476,809,
587,PASEC Math,477,810,
588,PASEC Math,478,811,
589,PASEC Math,479,812,
590,PASEC Math,480,813,
591,PASEC Math,480,814,
592,PASEC Math,481,815,
593,PASEC Math,482,816,
594,PASEC Math,483,818,
595,PASEC Math,484,819,
596,PASEC Math,485,820,
597,PASEC Math,486,821,
598,PASEC Math,487,822,
599,PASEC Math,488,823,
600,PASEC Math,489,824,
601,PASEC Math,490,825,
602,PASEC Math,491,826,
603,PASEC Math,492,827,
604,PASEC Math,493,828,
605,PASEC Math,494,829,
606,PASEC Math,495,830,
607,PASEC Math,496,831,
608,PASEC Math,497,832,
609,PASEC Math,498,833,
610,PASEC Math,499,834,
611,PASEC Math,500,836,
612,PASEC Math,501,837,
613,PASEC Math,502,838,
614,PASEC Math,503,839,
615,PASEC Math,504,840,
616,PASEC Math,505,841,
617,PASEC Math,506,842,
618,PASEC Math,507,843,
619,PASEC Math,508,844,
620,PASEC Math,509,845,
621,PASEC Math,510,846,
622,PASEC Math,511,847,
623,PASEC Math,512,848,
624,PASEC Math,513,849,
625,PASEC Math,514,850,
626,PASEC Math,515,851,
627,PASEC Math,516,852,
628,PASEC Math,517,853,
629,PASEC Math,518,854,
630,PASEC Math,519,856,
631,PASEC Math,520,857,
632,PASEC Math,521,858,
633,PASEC Math,521,859,
634,PASEC Math,522,860,
635,PASEC Math,523,861,
636,PASEC Math,524,862,
637,PASEC Math,525,863,
638,PASEC Math,526,864,
639,PASEC Math,526,865,
640,PASEC Math,527,866,
641,PASEC Math,528,867,
642,PASEC Math,529,868,
643,PASEC Math,530,869,
644,PASEC Math,530,870,
645,PASEC Math,531,871,
646,PASEC Math,532,872,
647,PASEC Math,533,873,
648,PASEC Math,534,874,
649,PASEC Math,535,875,
650,PASEC Math,536,876,
651,PASEC Math,537,877,
652,PASEC Math,538,878,
653,PASEC Math,539,879,
654,PASEC Math,540,880,
655,PASEC Math,541,881,
656,PASEC Math,542,882,
657,PASEC Math,543,883,
658,PASEC Math,544,883,
659,PASEC Math,545,884,
660,PASEC Math,546,885,
661,PASEC Math,547,886,
662,PASEC Math,548,887,
663,PASEC Math,549,888,
664,PASEC Math,550,889,
665,PASEC Math,551,890,
666,PASEC Math,552,891,
667,PASEC Math,554,892,
668,PASEC Math,555,893,
669,PASEC Math,556,894,
670,PASEC Math,557,895,
671,PASEC Math,558,896,
672,PASEC Math,559,897,
673,PASEC Math,560,898,
674,PASEC Math,561,899,
675,PASEC Math,562,900,
676,PASEC Math,563,901,
677,PASEC Math,564,901,
678,PASEC Math,565,902,
679,PASEC Math,566,903,
680,PASEC Math,568,904,
681,PASEC Math,569,905,
682,PASEC Math,570,906,
683,PASEC Math,571,907,
684,PASEC Math,572,908,
685,PASEC Math,573,909,
686,PASEC Math,574,910,
687,PASEC Math,575,911,
688,PASEC Math,576,912,
689,PASEC Math,577,912,
690,PASEC Math,578,913,
691,PASEC Math,579,914,
692,PASEC Math,580,915,
693,PASEC Math,581,916,
694,PASEC Math,582,917,
695,PASEC Math,583,918,
696,PASEC Math,584,918,
697,PASEC Math,585,919,
698,PASEC Math,586,920,
699,PASEC Math,587,921,
700,PASEC Math,588,922,
701,PASEC Math,589,923,
702,PASEC Math,590,924,
703,PASEC Math,591,925,
704,PASEC Math,592,926,
705,PASEC Math,593,927,
706,PASEC Math,594,928,
707,PASEC Math,595,929,
708,PASEC Math,596,930,
709,PASEC Math,597,931,
710,PASEC Math,598,932,
711,PASEC Math,599,933,
712,PASEC Math,600,934,
713,PASEC Math,601,936,
714,PASEC Math,602,937,
715,PASEC Math,603,938,
716,PASEC Math,604,939,
717,PASEC Math,605,940,
718,PASEC Math,606,941,
719,PASEC Math,607,942,
720,PASEC Math,608,943,
721,PASEC Math,609,945,
722,PASEC Math,610,946,
723,PASEC Math,610,947,
724,PASEC Math,611,948,
725,PASEC Math,612,949,
726,PASEC Math,612,950,
727,PASEC Math,613,952,
728,PASEC Math,617,953,
729,PASEC Math,620,954,
730,PASEC Math,622,955,
731,PASEC Math,625,957,
732,PASEC Math,627,958,
733,PASEC Math,629,959,
734,PASEC Math,630,961,
735,PASEC Math,632,962,
736,PASEC Math,634,963,
737,PASEC Math,636,965,
738,PASEC Math,637,966,
739,PASEC Math,639,967,
740,PASEC Math,641,969,
741,PASEC Math,642,970,
742,PASEC Math,644,972,
743,PASEC Math,645,973,
744,PASEC Math,647,974,
745,PASEC Math,649,976,
746,PASEC Math,651,977,
747,PASEC Math,653,979,
748,PASEC Math,655,980,
749,PASEC Math,657,982,
750,PASEC Math,659,983,
751,PASEC Math,661,985,
752,PASEC Math,663,986,
753,PASEC Math,665,988,
754,PASEC Math,667,989,
755,PASEC Math,669,991,
756,PASEC Math,671,992,
512,LLECE Math,264,,298
513,LLECE Math,265,,298
514,LLECE Math,266,,299
515,LLECE Math,266,,300
516,LLECE Math,267,,301
517,LLECE Math,268,,302
518,LLECE Math,269,,303
519,LLECE Math,269,,304
520,LLECE Math,270,,305
521,LLECE Math,271,,306
522,LLECE Math,272,,306
523,LLECE Math,272,,308
524,LLECE Math,273,,309
525,LLECE Math,274,,310
526,LLECE Math,275,,311
527,LLECE Math,276,,312
528,LLECE Math,277,,313
529,LLECE Math,278,,314
530,LLECE Math,279,,315
531,LLECE Math,279,,316
532,LLECE Math,280,,317
533,LLECE Math,281,,318
534,LLECE Math,282,,319
535,LLECE Math,283,,320
536,LLECE Math,284,,321
537,LLECE Math,285,,322
538,LLECE Math,285,,323
539,LLECE Math,286,,324
540,LLECE Math,287,,325
541,LLECE Math,288,,326
542,LLECE Math,288,,327
543,LLECE Math,289,,328
544,LLECE Math,290,,329
545,LLECE Math,291,,330
546,LLECE Math,291,,331
547,LLECE Math,292,,332
548,LLECE Math,293,,333
549,LLECE Math,294,,334
550,LLECE Math,294,,335
551,LLECE Math,295,,336
552,LLECE Math,296,,337
553,LLECE Math,296,,338
554,LLECE Math,297,,339
555,LLECE Math,298,,340
556,LLECE Math,298,,341
557,LLECE Math,299,,342
558,LLECE Math,300,,343
559,LLECE Math,301,,344
560,LLECE Math,301,,345
561,LLECE Math,302,,346
562,LLECE Math,303,,347
563,LLECE Math,304,,348
564,LLECE Math,304,,349
565,LLECE Math,305,,350
566,LLECE Math,306,,351
567,LLECE Math,306,,352
568,LLECE Math,307,,353
569,LLECE Math,307,,354
570,LLECE Math,308,,355
571,LLECE Math,309,,356
572,LLECE Math,309,,357
573,LLECE Math,310,,358
574,LLECE Math,311,,359
575,LLECE Math,311,,360
576,LLECE Math,312,,361
577,LLECE Math,312,,362
578,LLECE Math,313,,363
579,LLECE Math,314,,364
580,LLECE Math,314,,365
581,LLECE Math,315,,366
582,LLECE Math,316,,367
583,LLECE Math,316,,368
584,LLECE Math,317,,368
585,LLECE Math,317,,369
586,LLECE Math,318,,370
587,LLECE Math,319,,371
588,LLECE Math,319,,372
589,LLECE Math,320,,373
590,LLECE Math,320,,374
591,LLECE Math,321,,375
592,LLECE Math,322,,376
593,LLECE Math,322,,377
594,LLECE Math,323,,378
595,LLECE Math,323,,379
596,LLECE Math,324,,380
597,LLECE Math,324,,381
598,LLECE Math,325,,381
599,LLECE Math,325,,382
600,LLECE Math,326,,383
601,LLECE Math,326,,384
602,LLECE Math,327,,385
603,LLECE Math,327,,386
604,LLECE Math,328,,387
605,LLECE Math,328,,388
606,LLECE Math,329,,389
607,LLECE Math,329,,390
608,LLECE Math,330,,391
609,LLECE Math,330,,391
610,LLECE Math,331,,392
611,LLECE Math,331,,393
612,LLECE Math,332,,394
613,LLECE Math,332,,395
614,LLECE Math,333,,396
615,LLECE Math,333,,397
616,LLECE Math,334,,398
617,LLECE Math,335,,399
618,LLECE Math,335,,400
619,LLECE Math,336,,401
620,LLECE Math,337,,402
621,LLECE Math,337,,403
622,LLECE Math,338,,404
623,LLECE Math,339,,404
624,LLECE Math,339,,405
625,LLECE Math,340,,406
626,LLECE Math,341,,407
627,LLECE Math,341,,408
628,LLECE Math,342,,409
629,LLECE Math,343,,410
630,LLECE Math,343,,411
631,LLECE Math,344,,412
632,LLECE Math,345,,413
633,LLECE Math,346,,413
634,LLECE Math,346,,414
635,LLECE Math,347,,415
636,LLECE Math,348,,416
637,LLECE Math,349,,417
638,LLECE Math,349,,418
639,LLECE Math,350,,419
640,LLECE Math,351,,420
641,LLECE Math,351,,421
642,LLECE Math,352,,422
643,LLECE Math,353,,423
644,LLECE Math,353,,424
645,LLECE Math,354,,425
646,LLECE Math,355,,426
647,LLECE Math,356,,426
648,LLECE Math,356,,427
649,LLECE Math,357,,428
650,LLECE Math,358,,429
651,LLECE Math,358,,430
652,LLECE Math,359,,431
653,LLECE Math,360,,432
654,LLECE Math,361,,433
655,LLECE Math,361,,434
656,LLECE Math,362,,435
657,LLECE Math,363,,436
658,LLECE Math,363,,437
659,LLECE Math,364,,438
660,LLECE Math,365,,439
661,LLECE Math,365,,440
662,LLECE Math,366,,441
663,LLECE Math,367,,442
664,LLECE Math,368,,443
665,LLECE Math,368,,444
666,LLECE Math,369,,445
667,LLECE Math,369,,446
668,LLECE Math,370,,447
669,LLECE Math,371,,448
670,LLECE Math,371,,449
671,LLECE Math,372,,450
672,LLECE Math,373,,451
673,LLECE Math,374,,452
674,LLECE Math,374,,453
675,LLECE Math,375,,454
676,LLECE Math,376,,455
677,LLECE Math,377,,456
678,LLECE Math,377,,457
679,LLECE Math,378,,458
680,LLECE Math,379,,459
681,LLECE Math,380,,460
682,LLECE Math,380,,461
683,LLECE Math,381,,462
684,LLECE Math,382,,463
685,LLECE Math,383,,464
686,LLECE Math,383,,465
687,LLECE Math,384,,466
688,LLECE Math,385,,467
689,LLECE Math,385,,468
690,LLECE Math,386,,469
691,LLECE Math,387,,470
692,LLECE Math,388,,471
693,LLECE Math,388,,472
694,LLECE Math,389,,473
695,LLECE Math,390,,474
696,LLECE Math,391,,475
697,LLECE Math,391,,476
698,LLECE Math,392,,477
699,LLECE Math,393,,478
700,LLECE Math,393,,479
701,LLECE Math,394,,480
702,LLECE Math,395,,481
703,LLECE Math,396,,482
704,LLECE Math,396,,483
705,LLECE Math,397,,484
706,LLECE Math,398,,485
707,LLECE Math,399,,486
708,LLECE Math,399,,487
709,LLECE Math,400,,488
710,LLECE Math,401,,489
711,LLECE Math,402,,490
712,LLECE Math,403,,491
713,LLECE Math,403,,492
714,LLECE Math,404,,493
715,LLECE Math,405,,494
716,LLECE Math,406,,495
717,LLECE Math,407,,496
718,LLECE Math,407,,497
719,LLECE Math,408,,498
720,LLECE Math,409,,499
721,LLECE Math,410,,500
722,LLECE Math,411,,501
723,LLECE Math,411,,502
724,LLECE Math,412,,503
725,LLECE Math,413,,504
726,LLECE Math,414,,505
727,LLECE Math,414,,506
728,LLECE Math,415,,507
729,LLECE Math,416,,508
730,LLECE Math,416,,509
731,LLECE Math,417,,510
732,LLECE Math,418,,511
733,LLECE Math,419,,512
734,LLECE Math,419,,513
735,LLECE Math,420,,514
736,LLECE Math,421,,515
737,LLECE Math,422,,516
738,LLECE Math,422,,517
739,LLECE Math,423,,518
740,LLECE Math,424,,519
741,LLECE Math,425,,520
742,LLECE Math,426,,521
743,LLECE Math,426,,521
744,LLECE Math,427,,522
745,LLECE Math,428,,523
746,LLECE Math,429,,524
747,LLECE Math,429,,525
748,LLECE Math,430,,526
749,LLECE Math,431,,527
750,LLECE Math,432,,528
751,LLECE Math,433,,529
752,LLECE Math,433,,530
753,LLECE Math,434,,531
754,LLECE Math,435,,532
755,LLECE Math,436,,533
756,LLECE Math,436,,534
757,LLECE Math,437,,535
758,LLECE Math,438,,536
759,LLECE Math,438,,537
760,LLECE Math,439,,538
761,LLECE Math,440,,539
762,LLECE Math,441,,540
763,LLECE Math,441,,541
764,LLECE Math,442,,542
765,LLECE Math,443,,543
766,LLECE Math,444,,544
767,LLECE Math,445,,545
768,LLECE Math,445,,546
769,LLECE Math,446,,547
770,LLECE Math,447,,548
771,LLECE Math,448,,549
772,LLECE Math,448,,550
773,LLECE Math,449,,551
774,LLECE Math,450,,552
775,LLECE Math,451,,553
776,LLECE Math,451,,554
777,LLECE Math,452,,555
778,LLECE Math,453,,556
779,LLECE Math,454,,557
780,LLECE Math,455,,558
781,LLECE Math,455,,559
782,LLECE Math,456,,560
783,LLECE Math,457,,561
784,LLECE Math,458,,562
785,LLECE Math,458,,563
786,LLECE Math,459,,564
787,LLECE Math,460,,564
788,LLECE Math,460,,565
789,LLECE Math,461,,566
790,LLECE Math,462,,567
791,LLECE Math,462,,568
792,LLECE Math,463,,569
793,LLECE Math,464,,570
794,LLECE Math,464,,571
795,LLECE Math,465,,572
796,LLECE Math,466,,573
797,LLECE Math,467,,574
798,LLECE Math,467,,575
799,LLECE Math,468,,576
800,LLECE Math,469,,577
801,LLECE Math,469,,578
802,LLECE Math,470,,578
803,LLECE Math,471,,579
804,LLECE Math,472,,580
805,LLECE Math,472,,581
806,LLECE Math,473,,582
807,LLECE Math,474,,583
808,LLECE Math,475,,584
809,LLECE Math,475,,585
810,LLECE Math,476,,586
811,LLECE Math,477,,587
812,LLECE Math,478,,588
813,LLECE Math,479,,588
814,LLECE Math,480,,589
815,LLECE Math,481,,590
816,LLECE Math,481,,591
817,LLECE Math,482,,592
818,LLECE Math,483,,593
819,LLECE Math,484,,594
820,LLECE Math,485,,595
821,LLECE Math,486,,596
822,LLECE Math,487,,597
823,LLECE Math,488,,597
824,LLECE Math,489,,598
825,LLECE Math,489,,599
826,LLECE Math,490,,600
827,LLECE Math,491,,601
828,LLECE Math,492,,602
829,LLECE Math,493,,603
830,LLECE Math,494,,604
831,LLECE Math,495,,605
832,LLECE Math,496,,606
833,LLECE Math,497,,607
834,LLECE Math,498,,607
835,LLECE Math,498,,608
836,LLECE Math,499,,609
837,LLECE Math,500,,610
838,LLECE Math,501,,611
839,LLECE Math,502,,612
840,LLECE Math,503,,613
841,LLECE Math,504,,614
842,LLECE Math,505,,615
843,LLECE Math,506,,616
844,LLECE Math,507,,617
845,LLECE Math,508,,618
846,LLECE Math,509,,618
847,LLECE Math,510,,619
848,LLECE Math,511,,620
849,LLECE Math,512,,621
850,LLECE Math,512,,622
851,LLECE Math,513,,623
852,LLECE Math,514,,624
853,LLECE Math,515,,625
854,LLECE Math,516,,626
855,LLECE Math,517,,627
856,LLECE Math,517,,628
857,LLECE Math,518,,629
858,LLECE Math,519,,630
859,LLECE Math,520,,631
860,LLECE Math,520,,632
861,LLECE Math,521,,633
862,LLECE Math,522,,634
863,LLECE Math,523,,635
864,LLECE Math,524,,636
865,LLECE Math,524,,637
866,LLECE Math,525,,638
867,LLECE Math,526,,639
868,LLECE Math,527,,640
869,LLECE Math,528,,641
870,LLECE Math,529,,642
871,LLECE Math,530,,643
872,LLECE Math,531,,644
873,LLECE Math,531,,645
874,LLECE Math,532,,646
875,LLECE Math,533,,647
876,LLECE Math,534,,648
877,LLECE Math,535,,649
878,LLECE Math,536,,650
879,LLECE Math,537,,651
880,LLECE Math,538,,652
881,LLECE Math,539,,653
882,LLECE Math,540,,654
883,LLECE Math,541,,655
884,LLECE Math,542,,656
885,LLECE Math,543,,657
886,LLECE Math,544,,658
887,LLECE Math,545,,659
888,LLECE Math,546,,660
889,LLECE Math,547,,661
890,LLECE Math,548,,662
891,LLECE Math,550,,663
892,LLECE Math,551,,664
893,LLECE Math,552,,665
894,LLECE Math,553,,666
895,LLECE Math,554,,668
896,LLECE Math,555,,669
897,LLECE Math,556,,670
898,LLECE Math,557,,671
899,LLECE Math,558,,672
900,LLECE Math,560,,673
901,LLECE Math,561,,674
902,LLECE Math,562,,675
903,LLECE Math,563,,676
904,LLECE Math,564,,677
905,LLECE Math,565,,679
906,LLECE Math,566,,680
907,LLECE Math,567,,681
908,LLECE Math,568,,682
909,LLECE Math,569,,683
910,LLECE Math,571,,684
911,LLECE Math,572,,685
912,LLECE Math,573,,686
913,LLECE Math,574,,688
914,LLECE Math,576,,689
915,LLECE Math,577,,690
916,LLECE Math,578,,691
917,LLECE Math,579,,692
918,LLECE Math,580,,693
919,LLECE Math,582,,694
920,LLECE Math,583,,695
921,LLECE Math,584,,697
922,LLECE Math,585,,698
923,LLECE Math,586,,699
924,LLECE Math,587,,700
925,LLECE Math,588,,701
926,LLECE Math,589,,702
927,LLECE Math,590,,703
928,LLECE Math,591,,704
929,LLECE Math,592,,705
930,LLECE Math,593,,706
931,LLECE Math,594,,708
932,LLECE Math,595,,709
933,LLECE Math,596,,710
934,LLECE Math,598,,711
935,LLECE Math,599,,712
936,LLECE Math,600,,713
937,LLECE Math,601,,714
938,LLECE Math,602,,715
939,LLECE Math,603,,717
940,LLECE Math,604,,718
941,LLECE Math,605,,719
942,LLECE Math,606,,720
943,LLECE Math,608,,721
944,LLECE Math,608,,722
945,LLECE Math,609,,723
946,LLECE Math,610,,724
947,LLECE Math,610,,725
948,LLECE Math,611,,726
949,LLECE Math,611,,727
950,LLECE Math,611,,728
951,LLECE Math,610,,728
952,LLECE Math,610,,728
953,LLECE Math,609,,728
954,LLECE Math,608,,728
955,LLECE Math,605,,728
956,LLECE Math,601,,729
957,LLECE Math,594,,729
958,LLECE Math,593,,730
959,LLECE Math,591,,730
960,LLECE Math,588,,731
961,LLECE Math,584,,732
962,LLECE Math,578,,732
963,LLECE Math,577,,733
964,LLECE Math,575,,734
965,LLECE Math,575,,735
966,LLECE Math,576,,735
967,LLECE Math,621,,736
968,LLECE Math,628,,737
969,LLECE Math,630,,737
970,LLECE Math,631,,738
971,LLECE Math,633,,739
972,LLECE Math,635,,740
973,LLECE Math,636,,740
974,LLECE Math,638,,741
975,LLECE Math,639,,742
976,LLECE Math,641,,742
977,LLECE Math,642,,743
978,LLECE Math,644,,744
313,PIRLS,,514,323
314,PIRLS,,515,325
315,PIRLS,,517,326
316,PIRLS,,518,327
317,PIRLS,,519,328
318,PIRLS,,521,330
319,PIRLS,,523,331
320,PIRLS,,525,333
321,PIRLS,,527,335
322,PIRLS,,528,338
323,PIRLS,,530,340
324,PIRLS,,531,342
325,PIRLS,,533,344
326,PIRLS,,535,347
327,PIRLS,,536,349
328,PIRLS,,538,351
329,PIRLS,,540,354
330,PIRLS,,542,356
331,PIRLS,,544,359
332,PIRLS,,545,361
333,PIRLS,,547,363
334,PIRLS,,549,365
335,PIRLS,,551,368
336,PIRLS,,552,370
337,PIRLS,,554,373
338,PIRLS,,557,375
339,PIRLS,,558,378
340,PIRLS,,560,380
341,PIRLS,,561,382
342,PIRLS,,563,383
343,PIRLS,,564,385
344,PIRLS,,565,386
345,PIRLS,,567,387
346,PIRLS,,569,389
347,PIRLS,,570,390
348,PIRLS,,571,392
349,PIRLS,,573,393
350,PIRLS,,575,395
351,PIRLS,,576,397
352,PIRLS,,578,398
353,PIRLS,,579,399
354,PIRLS,,580,401
355,PIRLS,,582,402
356,PIRLS,,583,404
357,PIRLS,,585,406
358,PIRLS,,587,407
359,PIRLS,,588,409
360,PIRLS,,590,410
361,PIRLS,,591,411
362,PIRLS,,592,412
363,PIRLS,,594,414
364,PIRLS,,595,415
365,PIRLS,,596,416
366,PIRLS,,598,418
367,PIRLS,,599,419
368,PIRLS,,601,421
369,PIRLS,,602,422
370,PIRLS,,603,424
371,PIRLS,,605,425
372,PIRLS,,606,427
373,PIRLS,,608,428
374,PIRLS,,609,430
375,PIRLS,,611,431
376,PIRLS,,612,432
377,PIRLS,,613,434
378,PIRLS,,615,435
379,PIRLS,,616,437
380,PIRLS,,618,439
381,PIRLS,,619,441
382,PIRLS,,621,443
383,PIRLS,,622,444
384,PIRLS,,624,446
385,PIRLS,,625,448
386,PIRLS,,627,450
387,PIRLS,,629,452
388,PIRLS,,630,454
389,PIRLS,,632,456
390,PIRLS,,634,457
391,PIRLS,,635,459
392,PIRLS,,637,461
393,PIRLS,,638,462
394,PIRLS,,640,464
395,PIRLS,,641,466
396,PIRLS,,643,468
397,PIRLS,,645,470
398,PIRLS,,646,472
399,PIRLS,,648,473
400,PIRLS,,649,476
401,PIRLS,,651,477
402,PIRLS,,653,480
403,PIRLS,,654,482
404,PIRLS,,656,484
405,PIRLS,,658,486
406,PIRLS,,659,488
407,PIRLS,,661,490
408,PIRLS,,662,492
409,PIRLS,,664,494
410,PIRLS,,665,496
411,PIRLS,,667,498
412,PIRLS,,669,501
413,PIRLS,,670,503
414,PIRLS,,672,504
415,PIRLS,,673,506
416,PIRLS,,675,508
417,PIRLS,,676,509
418,PIRLS,,678,511
419,PIRLS,,679,512
420,PIRLS,,681,514
421,PIRLS,,683,515
422,PIRLS,,684,517
423,PIRLS,,686,518
424,PIRLS,,687,520
425,PIRLS,,689,521
426,PIRLS,,690,523
427,PIRLS,,692,524
428,PIRLS,,693,525
429,PIRLS,,695,527
430,PIRLS,,696,528
431,PIRLS,,698,530
432,PIRLS,,699,532
433,PIRLS,,701,533
434,PIRLS,,702,534
435,PIRLS,,704,536
436,PIRLS,,705,537
437,PIRLS,,706,539
438,PIRLS,,708,541
439,PIRLS,,709,542
440,PIRLS,,711,544
441,PIRLS,,712,546
442,PIRLS,,713,548
443,PIRLS,,715,550
444,PIRLS,,716,552
445,PIRLS,,717,554
446,PIRLS,,719,556
447,PIRLS,,720,558
448,PIRLS,,722,559
449,PIRLS,,723,561
450,PIRLS,,725,563
451,PIRLS,,726,565
452,PIRLS,,728,567
453,PIRLS,,729,569
454,PIRLS,,731,571
455,PIRLS,,732,573
456,PIRLS,,734,575
457,PIRLS,,735,577
458,PIRLS,,737,579
459,PIRLS,,739,581
460,PIRLS,,740,583
461,PIRLS,,742,585
462,PIRLS,,744,587
463,PIRLS,,745,589
464,PIRLS,,747,591
465,PIRLS,,749,593
466,PIRLS,,750,595
467,PIRLS,,752,597
468,PIRLS,,753,599
469,PIRLS,,755,601
470,PIRLS,,756,602
471,PIRLS,,757,604
472,PIRLS,,758,605
473,PIRLS,,760,607
474,PIRLS,,761,608
475,PIRLS,,762,610
476,PIRLS,,764,611
477,PIRLS,,765,612
478,PIRLS,,766,614
479,PIRLS,,767,615
480,PIRLS,,768,616
481,PIRLS,,769,617
482,PIRLS,,771,618
483,PIRLS,,772,620
484,PIRLS,,773,621
485,PIRLS,,775,622
486,PIRLS,,776,624
487,PIRLS,,777,625
488,PIRLS,,778,626
489,PIRLS,,780,627
490,PIRLS,,781,629
491,PIRLS,,782,630
492,PIRLS,,784,631
493,PIRLS,,785,633
494,PIRLS,,786,634
495,PIRLS,,787,635
496,PIRLS,,788,636
497,PIRLS,,789,638
498,PIRLS,,790,639
499,PIRLS,,792,641
500,PIRLS,,793,642
501,PIRLS,,794,643
502,PIRLS,,794,645
503,PIRLS,,795,646
504,PIRLS,,796,647
505,PIRLS,,798,649
506,PIRLS,,799,651
507,PIRLS,,801,653
508,PIRLS,,802,654
509,PIRLS,,804,656
510,PIRLS,,806,657
511,PIRLS,,807,659
512,PIRLS,,809,660
513,PIRLS,,810,662
514,PIRLS,,812,664
515,PIRLS,,813,666
516,PIRLS,,815,667
517,PIRLS,,817,669
518,PIRLS,,818,671
519,PIRLS,,820,672
520,PIRLS,,821,674
521,PIRLS,,822,675
522,PIRLS,,823,676
523,PIRLS,,824,677
524,PIRLS,,825,678
525,PIRLS,,825,679
526,PIRLS,,826,680
527,PIRLS,,827,681
528,PIRLS,,827,681
529,PIRLS,,828,682
530,PIRLS,,828,683
531,PIRLS,,829,684
532,PIRLS,,830,685
533,PIRLS,,830,686
534,PIRLS,,831,688
535,PIRLS,,833,689
536,PIRLS,,834,690
537,PIRLS,,836,692
538,PIRLS,,837,693
539,PIRLS,,839,695
540,PIRLS,,840,696
541,PIRLS,,841,697
542,PIRLS,,843,698
543,PIRLS,,844,699
544,PIRLS,,845,700
545,PIRLS,,846,701
546,PIRLS,,847,702
547,PIRLS,,848,702
548,PIRLS,,849,703
549,PIRLS,,849,703
550,PIRLS,,850,703
551,PIRLS,,849,702
552,PIRLS,,848,701
553,PIRLS,,848,701
554,PIRLS,,847,700
555,PIRLS,,847,700
556,PIRLS,,846,699
557,PIRLS,,845,698
558,PIRLS,,845,699
559,PIRLS,,846,700
560,PIRLS,,847,702
561,PIRLS,,848,704
562,PIRLS,,849,705
563,PIRLS,,849,706
564,PIRLS,,849,707
565,PIRLS,,849,707
566,PIRLS,,850,709
567,PIRLS,,851,710
568,PIRLS,,852,711
569,PIRLS,,854,713
570,PIRLS,,855,715
571,PIRLS,,857,718
572,PIRLS,,859,721
573,PIRLS,,860,723
574,PIRLS,,861,725
575,PIRLS,,862,727
576,PIRLS,,863,729
577,PIRLS,,864,728
578,PIRLS,,866,729
579,PIRLS,,868,730
580,PIRLS,,870,731
581,PIRLS,,871,732
582,PIRLS,,873,733
583,PIRLS,,874,733
584,PIRLS,,876,734
585,PIRLS,,877,735
586,PIRLS,,878,736
587,PIRLS,,880,736
588,PIRLS,,881,737
589,PIRLS,,883,739
590,PIRLS,,886,741
317,PASEC Reading,317,515,
318,PASEC Reading,318,515,
319,PASEC Reading,318,515,
320,PASEC Reading,318,515,
321,PASEC Reading,318,516,
322,PASEC Reading,318,516,
323,PASEC Reading,318,516,
324,PASEC Reading,318,516,
325,PASEC Reading,318,517,
326,PASEC Reading,318,517,
327,PASEC Reading,318,518,
328,PASEC Reading,318,518,
329,PASEC Reading,318,519,
330,PASEC Reading,318,520,
331,PASEC Reading,319,521,
332,PASEC Reading,319,522,
333,PASEC Reading,320,523,
334,PASEC Reading,321,525,
335,PASEC Reading,322,526,
336,PASEC Reading,323,527,
337,PASEC Reading,324,528,
338,PASEC Reading,325,529,
339,PASEC Reading,326,530,
340,PASEC Reading,327,531,
341,PASEC Reading,327,532,
342,PASEC Reading,328,533,
343,PASEC Reading,328,534,
344,PASEC Reading,328,535,
345,PASEC Reading,328,535,
346,PASEC Reading,329,536,
347,PASEC Reading,329,537,
348,PASEC Reading,330,537,
349,PASEC Reading,330,538,
350,PASEC Reading,330,539,
351,PASEC Reading,331,539,
352,PASEC Reading,332,540,
353,PASEC Reading,333,541,
354,PASEC Reading,334,542,
355,PASEC Reading,335,544,
356,PASEC Reading,336,545,
357,PASEC Reading,337,546,
358,PASEC Reading,338,547,
359,PASEC Reading,339,549,
360,PASEC Reading,339,550,
361,PASEC Reading,340,551,
362,PASEC Reading,341,552,
363,PASEC Reading,342,553,
364,PASEC Reading,342,555,
365,PASEC Reading,342,555,
366,PASEC Reading,343,556,
367,PASEC Reading,343,557,
368,PASEC Reading,344,558,
369,PASEC Reading,345,560,
370,PASEC Reading,345,561,
371,PASEC Reading,346,562,
372,PASEC Reading,347,563,
373,PASEC Reading,348,564,
374,PASEC Reading,348,566,
375,PASEC Reading,349,567,
376,PASEC Reading,350,568,
377,PASEC Reading,351,569,
378,PASEC Reading,352,570,
379,PASEC Reading,352,571,
380,PASEC Reading,353,572,
381,PASEC Reading,353,573,
382,PASEC Reading,354,574,
383,PASEC Reading,355,575,
384,PASEC Reading,355,575,
385,PASEC Reading,356,576,
386,PASEC Reading,356,577,
387,PASEC Reading,357,578,
388,PASEC Reading,358,579,
389,PASEC Reading,359,580,
390,PASEC Reading,359,581,
391,PASEC Reading,360,582,
392,PASEC Reading,360,583,
393,PASEC Reading,361,584,
394,PASEC Reading,361,585,
395,PASEC Reading,362,586,
396,PASEC Reading,363,586,
397,PASEC Reading,363,587,
398,PASEC Reading,364,588,
399,PASEC Reading,364,589,
400,PASEC Reading,364,590,
401,PASEC Reading,365,591,
402,PASEC Reading,365,592,
403,PASEC Reading,365,592,
404,PASEC Reading,366,593,
405,PASEC Reading,366,594,
406,PASEC Reading,366,594,
407,PASEC Reading,367,595,
408,PASEC Reading,367,596,
409,PASEC Reading,367,596,
410,PASEC Reading,368,597,
411,PASEC Reading,368,598,
412,PASEC Reading,368,599,
413,PASEC Reading,368,599,
414,PASEC Reading,369,600,
415,PASEC Reading,369,601,
416,PASEC Reading,369,601,
417,PASEC Reading,370,602,
418,PASEC Reading,370,603,
419,PASEC Reading,370,604,
420,PASEC Reading,371,604,
421,PASEC Reading,371,605,
422,PASEC Reading,372,606,
423,PASEC Reading,372,607,
424,PASEC Reading,373,608,
425,PASEC Reading,373,609,
426,PASEC Reading,374,610,
427,PASEC Reading,374,611,
428,PASEC Reading,375,612,
429,PASEC Reading,376,613,
430,PASEC Reading,377,614,
431,PASEC Reading,377,615,
432,PASEC Reading,378,616,
433,PASEC Reading,379,617,
434,PASEC Reading,379,618,
435,PASEC Reading,380,619,
436,PASEC Reading,381,620,
437,PASEC Reading,382,621,
438,PASEC Reading,382,622,
439,PASEC Reading,383,623,
440,PASEC Reading,384,623,
441,PASEC Reading,384,624,
442,PASEC Reading,385,625,
443,PASEC Reading,385,626,
444,PASEC Reading,386,627,
445,PASEC Reading,386,627,
446,PASEC Reading,387,628,
447,PASEC Reading,387,629,
448,PASEC Reading,388,630,
449,PASEC Reading,388,631,
450,PASEC Reading,389,631,
451,PASEC Reading,389,632,
452,PASEC Reading,389,633,
453,PASEC Reading,390,633,
454,PASEC Reading,390,634,
455,PASEC Reading,390,635,
456,PASEC Reading,391,636,
457,PASEC Reading,391,636,
458,PASEC Reading,391,637,
459,PASEC Reading,392,638,
460,PASEC Reading,392,638,
461,PASEC Reading,393,639,
462,PASEC Reading,393,639,
463,PASEC Reading,393,640,
464,PASEC Reading,394,641,
465,PASEC Reading,394,641,
466,PASEC Reading,394,642,
467,PASEC Reading,395,642,
468,PASEC Reading,395,643,
469,PASEC Reading,395,644,
470,PASEC Reading,396,644,
471,PASEC Reading,396,645,
472,PASEC Reading,396,646,
473,PASEC Reading,397,646,
474,PASEC Reading,397,647,
475,PASEC Reading,397,648,
476,PASEC Reading,398,648,
477,PASEC Reading,398,649,
478,PASEC Reading,398,649,
479,PASEC Reading,399,650,
480,PASEC Reading,399,651,
481,PASEC Reading,400,652,
482,PASEC Reading,400,652,
483,PASEC Reading,401,653,
484,PASEC Reading,401,654,
485,PASEC Reading,402,655,
486,PASEC Reading,403,656,
487,PASEC Reading,403,657,
488,PASEC Reading,404,658,
489,PASEC Reading,405,658,
490,PASEC Reading,405,659,
491,PASEC Reading,406,660,
492,PASEC Reading,406,661,
493,PASEC Reading,407,662,
494,PASEC Reading,407,663,
495,PASEC Reading,408,663,
496,PASEC Reading,408,664,
497,PASEC Reading,409,665,
498,PASEC Reading,409,666,
499,PASEC Reading,410,667,
500,PASEC Reading,411,668,
501,PASEC Reading,411,669,
502,PASEC Reading,412,669,
503,PASEC Reading,412,670,
504,PASEC Reading,413,671,
505,PASEC Reading,414,672,
506,PASEC Reading,414,673,
507,PASEC Reading,415,674,
508,PASEC Reading,415,675,
509,PASEC Reading,416,676,
510,PASEC Reading,417,677,
511,PASEC Reading,417,677,
512,PASEC Reading,418,678,
513,PASEC Reading,418,679,
514,PASEC Reading,419,680,
515,PASEC Reading,420,681,
516,PASEC Reading,420,682,
517,PASEC Reading,421,682,
518,PASEC Reading,421,683,
519,PASEC Reading,422,684,
520,PASEC Reading,422,685,
521,PASEC Reading,423,686,
522,PASEC Reading,423,686,
523,PASEC Reading,424,687,
524,PASEC Reading,425,688,
525,PASEC Reading,425,689,
526,PASEC Reading,426,689,
527,PASEC Reading,426,690,
528,PASEC Reading,426,691,
529,PASEC Reading,427,692,
530,PASEC Reading,427,692,
531,PASEC Reading,428,693,
532,PASEC Reading,428,694,
533,PASEC Reading,429,694,
534,PASEC Reading,429,695,
535,PASEC Reading,430,696,
536,PASEC Reading,430,697,
537,PASEC Reading,431,697,
538,PASEC Reading,431,698,
539,PASEC Reading,432,699,
540,PASEC Reading,432,700,
541,PASEC Reading,433,701,
542,PASEC Reading,433,701,
543,PASEC Reading,434,702,
544,PASEC Reading,434,703,
545,PASEC Reading,435,704,
546,PASEC Reading,435,705,
547,PASEC Reading,435,705,
548,PASEC Reading,436,706,
549,PASEC Reading,436,707,
550,PASEC Reading,437,708,
551,PASEC Reading,437,709,
552,PASEC Reading,438,709,
553,PASEC Reading,438,710,
554,PASEC Reading,439,711,
555,PASEC Reading,440,712,
556,PASEC Reading,440,713,
557,PASEC Reading,441,714,
558,PASEC Reading,441,715,
559,PASEC Reading,442,716,
560,PASEC Reading,442,717,
561,PASEC Reading,443,718,
562,PASEC Reading,443,719,
563,PASEC Reading,444,720,
564,PASEC Reading,445,721,
565,PASEC Reading,445,721,
566,PASEC Reading,446,722,
567,PASEC Reading,446,723,
568,PASEC Reading,447,724,
569,PASEC Reading,448,725,
570,PASEC Reading,448,726,
571,PASEC Reading,449,727,
572,PASEC Reading,450,728,
573,PASEC Reading,450,729,
574,PASEC Reading,451,730,
575,PASEC Reading,451,730,
576,PASEC Reading,452,731,
577,PASEC Reading,453,732,
578,PASEC Reading,453,733,
579,PASEC Reading,454,734,
580,PASEC Reading,454,735,
581,PASEC Reading,455,736,
582,PASEC Reading,456,737,
583,PASEC Reading,456,737,
584,PASEC Reading,457,738,
585,PASEC Reading,457,739,
586,PASEC Reading,458,740,
587,PASEC Reading,458,741,
588,PASEC Reading,459,741,
589,PASEC Reading,459,742,
590,PASEC Reading,460,743,
591,PASEC Reading,461,744,
592,PASEC Reading,461,744,
593,PASEC Reading,462,745,
594,PASEC Reading,462,746,
595,PASEC Reading,463,747,
596,PASEC Reading,463,748,
597,PASEC Reading,464,748,
598,PASEC Reading,465,749,
599,PASEC Reading,465,750,
600,PASEC Reading,466,751,
601,PASEC Reading,467,751,
602,PASEC Reading,467,752,
603,PASEC Reading,468,753,
604,PASEC Reading,468,754,
605,PASEC Reading,469,755,
606,PASEC Reading,469,755,
607,PASEC Reading,470,756,
608,PASEC Reading,470,757,
609,PASEC Reading,471,758,
610,PASEC Reading,471,759,
611,PASEC Reading,472,760,
612,PASEC Reading,472,760,
613,PASEC Reading,473,761,
614,PASEC Reading,473,762,
615,PASEC Reading,474,763,
616,PASEC Reading,474,764,
617,PASEC Reading,475,765,
618,PASEC Reading,475,766,
619,PASEC Reading,476,766,
620,PASEC Reading,477,767,
621,PASEC Reading,477,768,
622,PASEC Reading,478,769,
623,PASEC Reading,478,770,
624,PASEC Reading,479,771,
625,PASEC Reading,480,771,
626,PASEC Reading,480,772,
627,PASEC Reading,481,773,
628,PASEC Reading,481,774,
629,PASEC Reading,482,775,
630,PASEC Reading,483,776,
631,PASEC Reading,483,776,
632,PASEC Reading,484,777,
633,PASEC Reading,485,778,
634,PASEC Reading,485,779,
635,PASEC Reading,486,780,
636,PASEC Reading,487,781,
637,PASEC Reading,487,782,
638,PASEC Reading,488,782,
639,PASEC Reading,488,783,
640,PASEC Reading,489,784,
641,PASEC Reading,490,785,
642,PASEC Reading,490,786,
643,PASEC Reading,491,787,
644,PASEC Reading,491,788,
645,PASEC Reading,492,789,
646,PASEC Reading,493,790,
647,PASEC Reading,493,791,
648,PASEC Reading,494,792,
649,PASEC Reading,495,793,
650,PASEC Reading,495,794,
651,PASEC Reading,496,795,
652,PASEC Reading,497,796,
653,PASEC Reading,497,797,
654,PASEC Reading,498,797,
655,PASEC Reading,499,798,
656,PASEC Reading,499,799,
657,PASEC Reading,500,800,
658,PASEC Reading,500,801,
659,PASEC Reading,501,802,
660,PASEC Reading,502,803,
661,PASEC Reading,502,804,
662,PASEC Reading,503,805,
663,PASEC Reading,504,806,
664,PASEC Reading,505,807,
665,PASEC Reading,506,808,
666,PASEC Reading,506,809,
667,PASEC Reading,507,810,
668,PASEC Reading,508,811,
669,PASEC Reading,509,812,
670,PASEC Reading,510,813,
671,PASEC Reading,511,814,
672,PASEC Reading,512,815,
673,PASEC Reading,513,816,
674,PASEC Reading,513,817,
675,PASEC Reading,514,818,
676,PASEC Reading,515,819,
677,PASEC Reading,516,820,
678,PASEC Reading,517,821,
679,PASEC Reading,517,822,
680,PASEC Reading,518,823,
681,PASEC Reading,519,824,
682,PASEC Reading,520,825,
683,PASEC Reading,520,826,
684,PASEC Reading,521,827,
685,PASEC Reading,522,828,
686,PASEC Reading,523,829,
687,PASEC Reading,524,830,
688,PASEC Reading,525,831,
689,PASEC Reading,526,832,
690,PASEC Reading,527,833,
691,PASEC Reading,528,834,
692,PASEC Reading,529,835,
693,PASEC Reading,529,836,
694,PASEC Reading,530,837,
695,PASEC Reading,531,838,
696,PASEC Reading,532,839,
697,PASEC Reading,533,840,
698,PASEC Reading,533,841,
699,PASEC Reading,534,842,
700,PASEC Reading,535,843,
701,PASEC Reading,536,844,
702,PASEC Reading,537,845,
703,PASEC Reading,538,846,
704,PASEC Reading,539,847,
705,PASEC Reading,540,848,
706,PASEC Reading,540,849,
707,PASEC Reading,541,850,
708,PASEC Reading,542,851,
709,PASEC Reading,543,852,
710,PASEC Reading,544,853,
711,PASEC Reading,545,854,
712,PASEC Reading,546,855,
713,PASEC Reading,547,856,
714,PASEC Reading,548,857,
715,PASEC Reading,548,858,
716,PASEC Reading,549,859,
717,PASEC Reading,550,860,
718,PASEC Reading,551,861,
719,PASEC Reading,552,862,
720,PASEC Reading,553,863,
721,PASEC Reading,554,863,
722,PASEC Reading,556,864,
723,PASEC Reading,557,865,
724,PASEC Reading,558,866,
725,PASEC Reading,559,867,
726,PASEC Reading,560,868,
727,PASEC Reading,561,869,
728,PASEC Reading,562,870,
729,PASEC Reading,563,870,
730,PASEC Reading,564,871,
731,PASEC Reading,565,872,
732,PASEC Reading,566,873,
733,PASEC Reading,567,874,
734,PASEC Reading,568,875,
735,PASEC Reading,570,876,
736,PASEC Reading,571,877,
737,PASEC Reading,573,878,
738,PASEC Reading,574,879,
739,PASEC Reading,576,880,
740,PASEC Reading,578,881,
741,PASEC Reading,579,881,
742,PASEC Reading,581,882,
509,LLECE Reading,315,,321
510,LLECE Reading,316,,321
511,LLECE Reading,316,,321
512,LLECE Reading,316,,322
513,LLECE Reading,316,,322
514,LLECE Reading,317,,322
515,LLECE Reading,317,,323
516,LLECE Reading,317,,323
517,LLECE Reading,318,,324
518,LLECE Reading,318,,325
519,LLECE Reading,319,,326
520,LLECE Reading,319,,328
521,LLECE Reading,320,,329
522,LLECE Reading,320,,331
523,LLECE Reading,321,,332
524,LLECE Reading,322,,334
525,LLECE Reading,322,,335
526,LLECE Reading,323,,336
527,LLECE Reading,324,,338
528,LLECE Reading,324,,339
529,LLECE Reading,325,,340
530,LLECE Reading,326,,342
531,LLECE Reading,326,,343
532,LLECE Reading,327,,344
533,LLECE Reading,327,,345
534,LLECE Reading,328,,346
535,LLECE Reading,329,,347
536,LLECE Reading,329,,349
537,LLECE Reading,330,,350
538,LLECE Reading,330,,351
539,LLECE Reading,331,,352
540,LLECE Reading,332,,353
541,LLECE Reading,332,,355
542,LLECE Reading,333,,356
543,LLECE Reading,334,,357
544,LLECE Reading,334,,359
545,LLECE Reading,335,,360
546,LLECE Reading,336,,362
547,LLECE Reading,336,,363
548,LLECE Reading,337,,364
549,LLECE Reading,337,,365
550,LLECE Reading,338,,366
551,LLECE Reading,339,,367
552,LLECE Reading,339,,368
553,LLECE Reading,340,,369
554,LLECE Reading,340,,370
555,LLECE Reading,341,,371
556,LLECE Reading,341,,372
557,LLECE Reading,342,,373
558,LLECE Reading,342,,374
559,LLECE Reading,343,,375
560,LLECE Reading,344,,376
561,LLECE Reading,344,,377
562,LLECE Reading,345,,378
563,LLECE Reading,346,,379
564,LLECE Reading,346,,380
565,LLECE Reading,347,,381
566,LLECE Reading,347,,382
567,LLECE Reading,348,,383
568,LLECE Reading,348,,383
569,LLECE Reading,349,,384
570,LLECE Reading,349,,385
571,LLECE Reading,350,,386
572,LLECE Reading,350,,387
573,LLECE Reading,351,,388
574,LLECE Reading,352,,389
575,LLECE Reading,352,,390
576,LLECE Reading,353,,392
577,LLECE Reading,354,,393
578,LLECE Reading,354,,394
579,LLECE Reading,355,,395
580,LLECE Reading,355,,396
581,LLECE Reading,356,,397
582,LLECE Reading,357,,398
583,LLECE Reading,357,,399
584,LLECE Reading,358,,400
585,LLECE Reading,359,,401
586,LLECE Reading,359,,402
587,LLECE Reading,360,,403
588,LLECE Reading,360,,404
589,LLECE Reading,361,,405
590,LLECE Reading,362,,406
591,LLECE Reading,362,,407
592,LLECE Reading,363,,408
593,LLECE Reading,364,,409
594,LLECE Reading,364,,410
595,LLECE Reading,365,,411
596,LLECE Reading,365,,412
597,LLECE Reading,366,,413
598,LLECE Reading,367,,415
599,LLECE Reading,367,,416
600,LLECE Reading,368,,417
601,LLECE Reading,368,,418
602,LLECE Reading,369,,419
603,LLECE Reading,370,,420
604,LLECE Reading,370,,422
605,LLECE Reading,371,,423
606,LLECE Reading,371,,424
607,LLECE Reading,372,,425
608,LLECE Reading,373,,426
609,LLECE Reading,373,,427
610,LLECE Reading,374,,429
611,LLECE Reading,375,,430
612,LLECE Reading,375,,431
613,LLECE Reading,376,,432
614,LLECE Reading,376,,434
615,LLECE Reading,377,,435
616,LLECE Reading,378,,436
617,LLECE Reading,378,,437
618,LLECE Reading,379,,439
619,LLECE Reading,379,,440
620,LLECE Reading,380,,441
621,LLECE Reading,381,,442
622,LLECE Reading,381,,443
623,LLECE Reading,382,,445
624,LLECE Reading,383,,446
625,LLECE Reading,383,,447
626,LLECE Reading,384,,448
627,LLECE Reading,385,,450
628,LLECE Reading,385,,451
629,LLECE Reading,386,,452
630,LLECE Reading,386,,453
631,LLECE Reading,387,,454
632,LLECE Reading,388,,456
633,LLECE Reading,388,,457
634,LLECE Reading,389,,458
635,LLECE Reading,390,,459
636,LLECE Reading,390,,460
637,LLECE Reading,391,,462
638,LLECE Reading,391,,463
639,LLECE Reading,392,,464
640,LLECE Reading,393,,465
641,LLECE Reading,393,,466
642,LLECE Reading,394,,468
643,LLECE Reading,395,,469
644,LLECE Reading,396,,470
645,LLECE Reading,396,,471
646,LLECE Reading,397,,473
647,LLECE Reading,397,,474
648,LLECE Reading,398,,475
649,LLECE Reading,399,,476
650,LLECE Reading,399,,478
651,LLECE Reading,400,,479
652,LLECE Reading,401,,480
653,LLECE Reading,401,,482
654,LLECE Reading,402,,483
655,LLECE Reading,403,,484
656,LLECE Reading,403,,485
657,LLECE Reading,404,,486
658,LLECE Reading,405,,488
659,LLECE Reading,405,,489
660,LLECE Reading,406,,490
661,LLECE Reading,407,,491
662,LLECE Reading,407,,492
663,LLECE Reading,408,,494
664,LLECE Reading,409,,495
665,LLECE Reading,409,,496
666,LLECE Reading,410,,497
667,LLECE Reading,411,,498
668,LLECE Reading,411,,499
669,LLECE Reading,412,,501
670,LLECE Reading,413,,502
671,LLECE Reading,413,,503
672,LLECE Reading,414,,504
673,LLECE Reading,415,,505
674,LLECE Reading,416,,506
675,LLECE Reading,416,,507
676,LLECE Reading,417,,508
677,LLECE Reading,418,,509
678,LLECE Reading,418,,510
679,LLECE Reading,419,,511
680,LLECE Reading,420,,513
681,LLECE Reading,421,,514
682,LLECE Reading,421,,515
683,LLECE Reading,422,,516
684,LLECE Reading,423,,517
685,LLECE Reading,423,,518
686,LLECE Reading,424,,519
687,LLECE Reading,425,,520
688,LLECE Reading,425,,521
689,LLECE Reading,426,,522
690,LLECE Reading,427,,523
691,LLECE Reading,427,,524
692,LLECE Reading,428,,525
693,LLECE Reading,429,,526
694,LLECE Reading,430,,527
695,LLECE Reading,430,,528
696,LLECE Reading,431,,529
697,LLECE Reading,432,,530
698,LLECE Reading,432,,531
699,LLECE Reading,433,,532
700,LLECE Reading,434,,534
701,LLECE Reading,434,,535
702,LLECE Reading,435,,536
703,LLECE Reading,435,,537
704,LLECE Reading,436,,538
705,LLECE Reading,437,,540
706,LLECE Reading,437,,541
707,LLECE Reading,438,,542
708,LLECE Reading,439,,543
709,LLECE Reading,439,,545
710,LLECE Reading,440,,546
711,LLECE Reading,441,,547
712,LLECE Reading,441,,548
713,LLECE Reading,442,,550
714,LLECE Reading,442,,551
715,LLECE Reading,443,,552
716,LLECE Reading,444,,554
717,LLECE Reading,444,,555
718,LLECE Reading,445,,557
719,LLECE Reading,445,,558
720,LLECE Reading,446,,559
721,LLECE Reading,447,,561
722,LLECE Reading,447,,562
723,LLECE Reading,448,,563
724,LLECE Reading,448,,565
725,LLECE Reading,449,,566
726,LLECE Reading,450,,567
727,LLECE Reading,450,,569
728,LLECE Reading,451,,570
729,LLECE Reading,451,,571
730,LLECE Reading,452,,573
731,LLECE Reading,453,,574
732,LLECE Reading,453,,575
733,LLECE Reading,454,,577
734,LLECE Reading,455,,578
735,LLECE Reading,455,,579
736,LLECE Reading,456,,581
737,LLECE Reading,457,,582
738,LLECE Reading,457,,583
739,LLECE Reading,458,,584
740,LLECE Reading,459,,586
741,LLECE Reading,459,,587
742,LLECE Reading,460,,588
743,LLECE Reading,461,,589
744,LLECE Reading,461,,590
745,LLECE Reading,462,,591
746,LLECE Reading,463,,592
747,LLECE Reading,463,,594
748,LLECE Reading,464,,595
749,LLECE Reading,465,,596
750,LLECE Reading,466,,597
751,LLECE Reading,466,,598
752,LLECE Reading,467,,599
753,LLECE Reading,468,,600
754,LLECE Reading,468,,601
755,LLECE Reading,469,,602
756,LLECE Reading,470,,603
757,LLECE Reading,470,,605
758,LLECE Reading,471,,606
759,LLECE Reading,472,,607
760,LLECE Reading,472,,608
761,LLECE Reading,473,,609
762,LLECE Reading,474,,610
763,LLECE Reading,474,,611
764,LLECE Reading,475,,612
765,LLECE Reading,476,,613
766,LLECE Reading,476,,614
767,LLECE Reading,477,,616
768,LLECE Reading,478,,617
769,LLECE Reading,479,,618
770,LLECE Reading,479,,619
771,LLECE Reading,480,,620
772,LLECE Reading,480,,621
773,LLECE Reading,481,,622
774,LLECE Reading,482,,623
775,LLECE Reading,482,,624
776,LLECE Reading,483,,625
777,LLECE Reading,484,,626
778,LLECE Reading,484,,627
779,LLECE Reading,485,,628
780,LLECE Reading,485,,629
781,LLECE Reading,486,,630
782,LLECE Reading,487,,631
783,LLECE Reading,487,,632
784,LLECE Reading,488,,633
785,LLECE Reading,489,,634
786,LLECE Reading,489,,635
787,LLECE Reading,490,,636
788,LLECE Reading,491,,637
789,LLECE Reading,491,,638
790,LLECE Reading,492,,639
791,LLECE Reading,493,,640
792,LLECE Reading,494,,641
793,LLECE Reading,494,,642
794,LLECE Reading,495,,643
795,LLECE Reading,496,,644
796,LLECE Reading,497,,645
797,LLECE Reading,498,,646
798,LLECE Reading,498,,647
799,LLECE Reading,499,,649
800,LLECE Reading,500,,650
801,LLECE Reading,501,,651
802,LLECE Reading,501,,652
803,LLECE Reading,502,,653
804,LLECE Reading,503,,654
805,LLECE Reading,503,,655
806,LLECE Reading,504,,656
807,LLECE Reading,505,,657
808,LLECE Reading,506,,658
809,LLECE Reading,506,,659
810,LLECE Reading,507,,660
811,LLECE Reading,508,,662
812,LLECE Reading,509,,663
813,LLECE Reading,510,,664
814,LLECE Reading,511,,665
815,LLECE Reading,512,,666
816,LLECE Reading,513,,668
817,LLECE Reading,514,,669
818,LLECE Reading,515,,670
819,LLECE Reading,515,,671
820,LLECE Reading,516,,673
821,LLECE Reading,517,,674
822,LLECE Reading,518,,675
823,LLECE Reading,519,,676
824,LLECE Reading,519,,678
825,LLECE Reading,520,,679
826,LLECE Reading,521,,680
827,LLECE Reading,522,,681
828,LLECE Reading,523,,683
829,LLECE Reading,523,,684
830,LLECE Reading,524,,685
831,LLECE Reading,525,,686
832,LLECE Reading,526,,687
833,LLECE Reading,528,,689
834,LLECE Reading,529,,690
835,LLECE Reading,530,,691
836,LLECE Reading,530,,692
837,LLECE Reading,531,,693
838,LLECE Reading,532,,694
839,LLECE Reading,533,,695
840,LLECE Reading,534,,696
841,LLECE Reading,535,,697
842,LLECE Reading,536,,698
843,LLECE Reading,537,,699
844,LLECE Reading,538,,700
845,LLECE Reading,539,,701
846,LLECE Reading,539,,702
847,LLECE Reading,540,,703
848,LLECE Reading,541,,704
849,LLECE Reading,541,,704
850,LLECE Reading,542,,705
851,LLECE Reading,543,,706
852,LLECE Reading,543,,707
853,LLECE Reading,544,,708
854,LLECE Reading,545,,709
855,LLECE Reading,545,,709
856,LLECE Reading,546,,710
857,LLECE Reading,547,,711
858,LLECE Reading,547,,712
859,LLECE Reading,548,,713
860,LLECE Reading,548,,714
861,LLECE Reading,549,,715
862,LLECE Reading,549,,716
863,LLECE Reading,549,,717
864,LLECE Reading,550,,718
865,LLECE Reading,550,,718
866,LLECE Reading,552,,719
867,LLECE Reading,552,,720
868,LLECE Reading,553,,721
869,LLECE Reading,554,,722
870,LLECE Reading,555,,723
871,LLECE Reading,556,,724
872,LLECE Reading,556,,725
873,LLECE Reading,557,,726
874,LLECE Reading,558,,726
875,LLECE Reading,559,,727
876,LLECE Reading,559,,728
877,LLECE Reading,560,,729
878,LLECE Reading,561,,730
879,LLECE Reading,562,,731
880,LLECE Reading,563,,732
881,LLECE Reading,564,,733
882,LLECE Reading,564,,733
883,LLECE Reading,565,,734
884,LLECE Reading,566,,735
885,LLECE Reading,567,,736
886,LLECE Reading,568,,736
887,LLECE Reading,568,,737
888,LLECE Reading,568,,737
